id,first_name,last_name,email,gender,ip_address
1,Julee,Lyes,jlyes0@google.pl,Female,107.217.193.113
2,Haydon,Clemon,hclemon1@rediff.com,Male,60.76.81.169
3,Adina,Windridge,awindridge2@nba.com,Female
Federico,Beeching,abeeching4@state.gov,Male,107.73.110.219
6,Vivianna,Jancar,vjancar5@nationalgeographic.com,Female,56.218.239.183
7,Zsa zsa,Prendiville,zprendiville6@aol.com,Female,123.133.242.31
8,Carleen,Elan,celan7@state.tx.us,Female,121.170.138.148
9,Desiree,Cuncliffe,dcuncliffe8@blogs.com,Female,185.148.201.38
10,Amelia,Marklund,amarklund9@pcworld.com,Female,204.86.22.175
11,Derk,Forrestall,dforrestalla@timesonline.co.uk,Male,136.223.255.219
12,Perry,Singh,psinghb@usda.gov,Male,52.84.126.216
13,Maximilien,Penna,mpennac@surveymonkey.com,Male,255.178.54.4
14,Stanton,Rouchy,srouchyd@topsy.com,Male,64.77.79.139
15,Brose,Allright,ballrighte@techcrunch.com,Male,52.61.147.197
16,Thorstein,Stryde,tstrydef@gravatar.com,Male,220.226.243.145
17,Augusto,Dashkovich,adashkovichg@tmall.com,Male,190.35.27.45
18,Tome,Olenin,toleninh@google.es,Male,58.192.105.17
19,Marylee,Uzielli,muziellii@columbia.edu,Female,93.60.25.27
20,Philippe,Greendale,pgreendalej@reddit.com,Non-binary,28.57.132.144
21,Peder,Harse,pharsek@gravatar.com,Male,79.127.99.127
22,Emiline,Winsome,ewinsomel@home.pl,Female,33.246.213.205
23,Gradey,Mixon,gmixonm@typepad.com,Genderqueer,239.35.49.211
24,Karine,Gwynn,kgwynnn@chron.com,Female,78.236.132.60
25,Florinda,Castiglio,fcastiglioo@altervista.org,Female,29.168.192.73
26,Piotr,Jeness,pjenessp@mit.edu,Male,249.79.156.213
27,Livvie,Hardstaff,lhardstaffq@studiopress.com,Female,33.6.64.32
28,Ora,Livingstone,olivingstoner@go.com,Female,174.208.220.161
29,Eden,Hay,ehays@nsw.gov.au,Female,7.89.168.223
30,Olivia,Benner,obennert@oracle.com,Female,116.217.86.10
31,Eugine,Trenoweth,etrenowethu@flickr.com,Agender,168.93.98.241
32,Delcine,Petzolt,dpetzoltv@cmu.edu,Female,169.224.81.137
33,Vilhelmina,Dabbes,vdabbesw@purevolume.com,Genderfluid,72.6.64.198
34,Gordon,Daventry,gdaventryx@nydailynews.com,Male,82.22.130.59
35,Lindy,Cobbledick,lcobbledicky@cornell.edu,Polygender,49.242.65.239
36,Licha,Upcraft,lupcraftz@aol.com,Female,101.167.107.188
37,Anderson,MacGillreich,amacgillreich10@cargocollective.com,Male,143.226.252.249
38,Joye,Gutridge,jgutridge11@yolasite.com,Genderfluid,160.189.64.148
39,Austina,Ellacombe,aellacombe12@freewebs.com,Female,70.94.178.186
40,Bab,Sheber,bsheber13@bigcartel.com,Female,231.27.123.159
41,Doris,Andrez,dandrez14@posterous.com,Female,15.157.230.53
42,Frank,Swaddle,fswaddle15@vistaprint.com,Female,67.123.130.201
43,Marion,Shimwell,mshimwell16@nature.com,Male,106.115.62.64
44,Charla,Fist,cfist17@sciencedaily.com,Genderqueer,185.5.217.196
45,Tracie,Cassel,tcassel18@comsenz.com,Male,208.195.155.3
46,Alwin,Ickov,aickov19@acquirethisname.com,Male,213.141.67.153
47,Jecho,Weatherburn,jweatherburn1a@nba.com,Male,252.186.83.73
48,Dallas,Bryer,dbryer1b@goodreads.com,Male,22.191.144.150
49,Gardiner,Huckett,ghuckett1c@yahoo.co.jp,Male,206.84.122.83
50,Batholomew,Heyball,bheyball1d@google.es,Male,6.65.30.189
51,Gustave,Skilbeck,gskilbeck1e@wordpress.com,Male,169.252.9.149
52,Sid,Marzelli,smarzelli1f@wordpress.org,Male,90.237.93.139
53,Gamaliel,Krale,gkrale1g@hatena.ne.jp,Male,17.73.180.206
54,Adriaens,Lanchester,alanchester1h@blinklist.com,Female,172.163.9.31
55,Trefor,Stanbra,tstanbra1i@dmoz.org,Male,205.13.239.184
56,Zola,Seiter,zseiter1j@wikia.com,Female,238.165.16.74
57,Una,Liver,uliver1k@multiply.com,Female,189.192.213.234
58,Claus,Brawn,cbrawn1l@amazon.com,Male,151.80.122.238
59,Pippa,Astie,pastie1m@dion.ne.jp,Female,107.72.111.29
60,Mariann,Nickless,mnickless1n@chronoengine.com,Female,89.137.66.240
61,Jackquelin,Kulvear,jkulvear1o@google.co.jp,Female,163.242.32.37
62,Rikki,Trowle,rtrowle1p@csmonitor.com,Male,64.37.115.245
63,Abbi,Clohissy,aclohissy1q@liveinternet.ru,Female,92.128.94.26
64,Demetra,Killingworth,dkillingworth1r@youku.com,Female,227.132.100.62
65,Fulvia,Soule,fsoule1s@google.de,Female,247.172.77.180
66,Cherlyn,Dobby,cdobby1t@pinterest.com,Female,71.207.127.144
67,Gleda,Konzel,gkonzel1u@jalbum.net,Female,248.86.112.45
68,Kelli,Kinsley,kkinsley1v@engadget.com,Female,84.95.206.97
69,Viola,Turvie,vturvie1w@yolasite.com,Female,169.23.58.143
70,Bentlee,Napoli,bnapoli1x@mapy.cz,Bigender,239.138.133.172
71,Isabella,Sink,isink1y@edublogs.org,Female,33.21.28.92
72,Roxanna,Baldry,rbaldry1z@delicious.com,Female,44.246.149.65
73,Nicky,Applebee,napplebee20@seesaa.net,Male,3.72.33.250
74,Brad,Fulger,bfulger21@fastcompany.com,Male,90.211.2.167
75,Domenico,Girth,dgirth22@technorati.com,Male,133.201.102.202
76,Orlando,Ever,oever23@bluehost.com,Male,205.6.167.99
77,Brana,Poon,bpoon24@patch.com,Female,121.174.62.92
78,Mellisent,O'Glassane,moglassane25@eventbrite.com,Female,217.51.113.105
79,Rasla,Leifer,rleifer26@google.pl,Female,39.50.131.248
80,Gabriele,Duddy,gduddy27@uiuc.edu,Male,107.206.105.244
81,Kikelia,Redit,kredit28@163.com,Female,123.64.250.125
82,Constantino,Anselm,canselm29@tamu.edu,Genderqueer,127.132.223.187
83,Zara,Tanser,ztanser2a@google.com.au,Female,149.84.125.51
84,Rosaline,Schops,rschops2b@list-manage.com,Female,204.72.45.179
85,Brandon,Stears,bstears2c@pbs.org,Male,191.169.188.114
86,Mikkel,Hollington,mhollington2d@yahoo.com,Male,147.29.70.51
87,Anallise,Barthrup,abarthrup2e@multiply.com,Female,4.187.22.155
88,Maryjo,Muscroft,mmuscroft2f@e-recht24.de,Female,36.14.223.30
89,Bax,MacLucais,bmaclucais2g@macromedia.com,Male,58.186.71.106
90,Verile,Geaves,vgeaves2h@uol.com.br,Female,83.236.251.112
91,Nigel,Blundel,nblundel2i@quantcast.com,Male,46.107.89.137
92,Harriott,Fensome,hfensome2j@1und1.de,Female,63.72.129.68
93,Sondra,Lewins,slewins2k@prweb.com,Female,252.215.227.89
94,Morrie,Eldin,meldin2l@soup.io,Male,229.12.114.134
95,Lanni,Allon,lallon2m@buzzfeed.com,Female,213.8.103.249
96,Sharl,Blackaby,sblackaby2n@nyu.edu,Female,159.146.45.206
97,Luz,Taverner,ltaverner2o@hibu.com,Female,176.131.190.109
98,Annelise,Semerad,asemerad2p@hostgator.com,Female,172.1.73.71
99,Richard,Alelsandrovich,ralelsandrovich2q@twitpic.com,Male,129.114.207.182
100,Wiatt,Yurenin,wyurenin2r@yandex.ru,Male,160.49.207.55
